-- Disable Midsummer Fire Festival quests that were removed in patch 2.4.0
DELETE FROM `disables` WHERE `sourceType`=1 AND `entry` IN (9367,9368,9319,9386,9322,9323,9388,9389);
INSERT INTO `disables` (`sourceType`,`entry`,`flags`,`params_0`,`params_1`,`comment`) VALUES
(1,9367,0,0,0,'Quest: The Festival of Fire {A}, removed in patch 2.4.0'),
(1,9368,0,0,0,'Quest: The Festival of Fire {H}, removed in patch 2.4.0'),
(1,9319,0,0,0,'Quest: A Light in Dark Places, removed in patch 2.4.0'),
(1,9386,0,0,0,'Quest: A Light in Dark Places {Daily}, removed in patch 2.4.0'),
(1,9322,0,0,0,'Quest: Wild Fires in Kalimdor, removed in patch 2.4.0'),
(1,9323,0,0,0,'Quest: Wild Fires in the Eastern Kingdoms, removed in patch 2.4.0'),
(1,9388,0,0,0,'Quest: Flickering Flames in Kalimdor, removed in patch 2.4.0'),
(1,9389,0,0,0,'Quest: Flickering Flames in the Eastern Kingdoms, removed in patch 2.4.0');

-- Remove above mentioned quests from QuestStarters and QuestEnders
DELETE FROM `creature_queststarter` WHERE `quest` IN (9367,9368,9319,9386,9322,9323,9388,9389);
DELETE FROM `creature_questender` WHERE `quest` IN (9367,9368,9319,9386,9322,9323,9388,9389);

DELETE FROM `game_event_gameobject` WHERE `guid` IN
(51596,52357,50996,50855,50750,50747,52277,52467,51350,50692,52548,52284,51349,164258,164282,164283,52517,50934,16430,164308,164309,164310,164311,51791,50690,52560,52333,52329,52511,50740,50741,50869,52399,52334,164381,164383,164384,164385,164386,164388,164414,164415,164416,164420,164421,164422,164423,164424,164425,164426,164427,164429,164430,164431,164432,164434,164435,164459,164460,164461,164462,164463,164464,164466,164468,164470,164473,164474,164476,164479,164480,164481,164482,164483,164507,164509,164510,164511,164512,164513,164514,164515,164516,164517,164518,164519,164520,164521,164522,164524,164525,164527,164528,164529,164530,164531,164532,164534,164535,164536,164537,164538,164539,164540,165334,164564,164565,164566,164567,164568,164571,164572,164573,164575,164577,164578,164579,164580,164581,164582,164583,164584,164608,164609,164610,164612,164613,164614,164615,164616,164617,164618,164620,164621,164622,164623,164624,164625,164626,164628,164629,164630,164631,164632,164633,164634,164635,164638,164639,164640,164641,164642,164643,164644,164668,164670,165359,164672,164673,164674,164675,164676,164677,164678,164679,164680,164681,164682,164683,164727,164728,164729,164730,164731,164732,164733,164735,164736,164737,164738,164739,164740,164741,164742,211540,211541,211542,211543,211544,211545,211546,164707,164708,164711,164712,164713,164714,164715,164716,164717,164718,164719,164720,164721,164722,164723,164726,164766,164767,164768,164769,164770,164771,164772,164773,164774,164775,164776,164778,164779,164780,164781,164783,164784,164785,164786,164787,164788,164812,164813,164814,164815,164816,164817,164818,164819,164820,164821,164822,164823,164825,164826,164827,165383,165384,164852,164853,164854,164855,164856,164857,164858,164859,164861,164862,164863,164864,164865,164866,164867,164868,164869,164870,164894,164895,164896,164897,164898,164899,164900,164901,164902,164903,164904,164905,164906,164907,164908,164909,164910,164911,164913,164914,164915,164916,164917,164918,164919,164920,164921,164922,164923,164924,164974,164975,164976,164977,164978,164979,164980,164981,164982,164983,164984,164985,165408,165034,165038,165039,165040,165041,165042,165043,165044,165045,165046,165047,165048,165049,165050,165051,165052,165053,165054,165055,165056,165057,165058,165059,165060,165062,165063,165064,165066,165067,165068,165069,165070,165071,165072,165074,165075,165077,165078,165079,165080,165081,165105,165106,165107,165108,165109,165110,165111,165009,165010,165012,165013,165014,165015,165016,165019,165020,165021,165022,165023,165024,165025,165026,165027,165028,165029,165030,165031,165032,165033,165112,165115,165116,165117,165118,165119,165120,165121,165145,165146,165147,165148,165149,165150,165151,165152,165153,165154,165156,165157,165160,165161,165162,165163,165164,165165,165166,165167,165168,165169,165170,165171,165172,165173,165174,165175,165176,165358,165177,165178,165179,165180,165181,165182,165183,165184,165185,165186,165187,165188,165189,165190,165191,165192,165193,165194,165195,165196,165197,165198,165199,165200,165201,165202,165203,165204,165205,165206,165208,165209,165210,165211,165212,165213,165214,165215,165216,165217,165218,165219,165220,165221,165222,165223,165224,165225,165226,165227,165229,165230,165231,165232,165233,165234,165235,165236,165237,165238,165239,165240,165241,165242,165243,165244,165245,165246,165247,165248,165249,165250,165251,165252,165253,165254,165255,165256,165257,165259,165260,165409,165410,165411,49313,165412,165413,165414,165415,165416,165417,165418,165419,165420,165421,165422,165423,165424,165425,165426,165427,165428,165429,165430,165431,165432,165433,165434,165435,165436,165437,165438,165439,165440,165441,165442,165443,165444,165445,165446,165447,165448,165449,165450,165451,165452,165453,165454,165455,165456,165457,165458,165459,165460,165461,165462,165463,165464,165465,165466,165467,165468,165469,165470,165471,165472,165473,165474,165475,165476,165477,165478,165479,165480,165481,165482,165483,165484,165485,165509,165510,165511,165512,165513,165514,165515,165516,165517,165518,165519,165520,165521,165522,165523,165524,165525,165550,165551,165552,165553,165554,165555,165556,165557,165581,165582,165583,165607,165608,165609,165610,165612,165613,165614,165615,165616,165617,165618,165677,165678,165679,165680,165681,165682,165683,165684,165685,165686,165687,165688,165689,165690,165691,165715,165723,165747,165748,165749,165773,165774,165800,165801,165802,165803,165827,165828,165829,165830,165831,165832,165833,165834,165835,165837,165838,165839,165840,165841,165842,165843,165844,165845,165846,165847,165848,165849,165850,165851,165852,165853,165854,165855,165856,165857,165858,165859,165860,165862,165886,165887,165888,165889,165890,165914,165915,165916,165917,165918,165919,165920,165921,165922,165923,165924,165925,165926,165951,165952,165953,165954,165955,165956,165957,165958,165959,165960,165961,165962,165963,165964);

INSERT INTO `game_event_gameobject` (`eventEntry`, `guid`) VALUES
(1,51596),
(1,52357),
(1,50996),
(1,50855),
(1,50750),
(1,50747),
(1,52277),
(1,52467),
(1,51350),
(1,50692),
(1,52548),
(1,52284),
(1,51349),
(1,164258),
(1,164282),
(1,164283),
(1,52517),
(1,50934),
(1,16430),
(1,164308),
(1,164309),
(1,164310),
(1,164311),
(1,51791),
(1,50690),
(1,52560),
(1,52333),
(1,52329),
(1,52511),
(1,50740),
(1,50741),
(1,50869),
(1,52399),
(1,52334),
(1,164381),
(1,164383),
(1,164384),
(1,164385),
(1,164386),
(1,164388),
(1,164414),
(1,164415),
(1,164416),
(1,164420),
(1,164421),
(1,164422),
(1,164423),
(1,164424),
(1,164425),
(1,164426),
(1,164427),
(1,164429),
(1,164430),
(1,164431),
(1,164432),
(1,164434),
(1,164435),
(1,164459),
(1,164460),
(1,164461),
(1,164462),
(1,164463),
(1,164464),
(1,164466),
(1,164468),
(1,164470),
(1,164473),
(1,164474),
(1,164476),
(1,164479),
(1,164480),
(1,164481),
(1,164482),
(1,164483),
(1,164507),
(1,164509),
(1,164510),
(1,164511),
(1,164512),
(1,164513),
(1,164514),
(1,164515),
(1,164516),
(1,164517),
(1,164518),
(1,164519),
(1,164520),
(1,164521),
(1,164522),
(1,164524),
(1,164525),
(1,164527),
(1,164528),
(1,164529),
(1,164530),
(1,164531),
(1,164532),
(1,164534),
(1,164535),
(1,164536),
(1,164537),
(1,164538),
(1,164539),
(1,164540),
(1,165334),
(1,164564),
(1,164565),
(1,164566),
(1,164567),
(1,164568),
(1,164571),
(1,164572),
(1,164573),
(1,164575),
(1,164577),
(1,164578),
(1,164579),
(1,164580),
(1,164581),
(1,164582),
(1,164583),
(1,164584),
(1,164608),
(1,164609),
(1,164610),
(1,164612),
(1,164613),
(1,164614),
(1,164615),
(1,164616),
(1,164617),
(1,164618),
(1,164620),
(1,164621),
(1,164622),
(1,164623),
(1,164624),
(1,164625),
(1,164626),
(1,164628),
(1,164629),
(1,164630),
(1,164631),
(1,164632),
(1,164633),
(1,164634),
(1,164635),
(1,164638),
(1,164639),
(1,164640),
(1,164641),
(1,164642),
(1,164643),
(1,164644),
(1,164668),
(1,164670),
(1,165359),
(1,164672),
(1,164673),
(1,164674),
(1,164675),
(1,164676),
(1,164677),
(1,164678),
(1,164679),
(1,164680),
(1,164681),
(1,164682),
(1,164683),
(1,164727),
(1,164728),
(1,164729),
(1,164730),
(1,164731),
(1,164732),
(1,164733),
(1,164735),
(1,164736),
(1,164737),
(1,164738),
(1,164739),
(1,164740),
(1,164741),
(1,164742),
(1,211540),
(1,211541),
(1,211542),
(1,211543),
(1,211544),
(1,211545),
(1,211546),
(1,164707),
(1,164708),
(1,164711),
(1,164712),
(1,164713),
(1,164714),
(1,164715),
(1,164716),
(1,164717),
(1,164718),
(1,164719),
(1,164720),
(1,164721),
(1,164722),
(1,164723),
(1,164726),
(1,164766),
(1,164767),
(1,164768),
(1,164769),
(1,164770),
(1,164771),
(1,164772),
(1,164773),
(1,164774),
(1,164775),
(1,164776),
(1,164778),
(1,164779),
(1,164780),
(1,164781),
(1,164783),
(1,164784),
(1,164785),
(1,164786),
(1,164787),
(1,164788),
(1,164812),
(1,164813),
(1,164814),
(1,164815),
(1,164816),
(1,164817),
(1,164818),
(1,164819),
(1,164820),
(1,164821),
(1,164822),
(1,164823),
(1,164825),
(1,164826),
(1,164827),
(1,165383),
(1,165384),
(1,164852),
(1,164853),
(1,164854),
(1,164855),
(1,164856),
(1,164857),
(1,164858),
(1,164859),
(1,164861),
(1,164862),
(1,164863),
(1,164864),
(1,164865),
(1,164866),
(1,164867),
(1,164868),
(1,164869),
(1,164870),
(1,164894),
(1,164895),
(1,164896),
(1,164897),
(1,164898),
(1,164899),
(1,164900),
(1,164901),
(1,164902),
(1,164903),
(1,164904),
(1,164905),
(1,164906),
(1,164907),
(1,164908),
(1,164909),
(1,164910),
(1,164911),
(1,164913),
(1,164914),
(1,164915),
(1,164916),
(1,164917),
(1,164918),
(1,164919),
(1,164920),
(1,164921),
(1,164922),
(1,164923),
(1,164924),
(1,164974),
(1,164975),
(1,164976),
(1,164977),
(1,164978),
(1,164979),
(1,164980),
(1,164981),
(1,164982),
(1,164983),
(1,164984),
(1,164985),
(1,165408),
(1,165034),
(1,165038),
(1,165039),
(1,165040),
(1,165041),
(1,165042),
(1,165043),
(1,165044),
(1,165045),
(1,165046),
(1,165047),
(1,165048),
(1,165049),
(1,165050),
(1,165051),
(1,165052),
(1,165053),
(1,165054),
(1,165055),
(1,165056),
(1,165057),
(1,165058),
(1,165059),
(1,165060),
(1,165062),
(1,165063),
(1,165064),
(1,165066),
(1,165067),
(1,165068),
(1,165069),
(1,165070),
(1,165071),
(1,165072),
(1,165074),
(1,165075),
(1,165077),
(1,165078),
(1,165079),
(1,165080),
(1,165081),
(1,165105),
(1,165106),
(1,165107),
(1,165108),
(1,165109),
(1,165110),
(1,165111),
(1,165009),
(1,165010),
(1,165012),
(1,165013),
(1,165014),
(1,165015),
(1,165016),
(1,165019),
(1,165020),
(1,165021),
(1,165022),
(1,165023),
(1,165024),
(1,165025),
(1,165026),
(1,165027),
(1,165028),
(1,165029),
(1,165030),
(1,165031),
(1,165032),
(1,165033),
(1,165112),
(1,165115),
(1,165116),
(1,165117),
(1,165118),
(1,165119),
(1,165120),
(1,165121),
(1,165145),
(1,165146),
(1,165147),
(1,165148),
(1,165149),
(1,165150),
(1,165151),
(1,165152),
(1,165153),
(1,165154),
(1,165156),
(1,165157),
(1,165160),
(1,165161),
(1,165162),
(1,165163),
(1,165164),
(1,165165),
(1,165166),
(1,165167),
(1,165168),
(1,165169),
(1,165170),
(1,165171),
(1,165172),
(1,165173),
(1,165174),
(1,165175),
(1,165176),
(1,165358),
(1,165177),
(1,165178),
(1,165179),
(1,165180),
(1,165181),
(1,165182),
(1,165183),
(1,165184),
(1,165185),
(1,165186),
(1,165187),
(1,165188),
(1,165189),
(1,165190),
(1,165191),
(1,165192),
(1,165193),
(1,165194),
(1,165195),
(1,165196),
(1,165197),
(1,165198),
(1,165199),
(1,165200),
(1,165201),
(1,165202),
(1,165203),
(1,165204),
(1,165205),
(1,165206),
(1,165208),
(1,165209),
(1,165210),
(1,165211),
(1,165212),
(1,165213),
(1,165214),
(1,165215),
(1,165216),
(1,165217),
(1,165218),
(1,165219),
(1,165220),
(1,165221),
(1,165222),
(1,165223),
(1,165224),
(1,165225),
(1,165226),
(1,165227),
(1,165229),
(1,165230),
(1,165231),
(1,165232),
(1,165233),
(1,165234),
(1,165235),
(1,165236),
(1,165237),
(1,165238),
(1,165239),
(1,165240),
(1,165241),
(1,165242),
(1,165243),
(1,165244),
(1,165245),
(1,165246),
(1,165247),
(1,165248),
(1,165249),
(1,165250),
(1,165251),
(1,165252),
(1,165253),
(1,165254),
(1,165255),
(1,165256),
(1,165257),
(1,165259),
(1,165260),
(1,165409),
(1,165410),
(1,165411),
(1,49313),
(1,165412),
(1,165413),
(1,165414),
(1,165415),
(1,165416),
(1,165417),
(1,165418),
(1,165419),
(1,165420),
(1,165421),
(1,165422),
(1,165423),
(1,165424),
(1,165425),
(1,165426),
(1,165427),
(1,165428),
(1,165429),
(1,165430),
(1,165431),
(1,165432),
(1,165433),
(1,165434),
(1,165435),
(1,165436),
(1,165437),
(1,165438),
(1,165439),
(1,165440),
(1,165441),
(1,165442),
(1,165443),
(1,165444),
(1,165445),
(1,165446),
(1,165447),
(1,165448),
(1,165449),
(1,165450),
(1,165451),
(1,165452),
(1,165453),
(1,165454),
(1,165455),
(1,165456),
(1,165457),
(1,165458),
(1,165459),
(1,165460),
(1,165461),
(1,165462),
(1,165463),
(1,165464),
(1,165465),
(1,165466),
(1,165467),
(1,165468),
(1,165469),
(1,165470),
(1,165471),
(1,165472),
(1,165473),
(1,165474),
(1,165475),
(1,165476),
(1,165477),
(1,165478),
(1,165479),
(1,165480),
(1,165481),
(1,165482),
(1,165483),
(1,165484),
(1,165485),
(1,165509),
(1,165510),
(1,165511),
(1,165512),
(1,165513),
(1,165514),
(1,165515),
(1,165516),
(1,165517),
(1,165518),
(1,165519),
(1,165520),
(1,165521),
(1,165522),
(1,165523),
(1,165524),
(1,165525),
(1,165550),
(1,165551),
(1,165552),
(1,165553),
(1,165554),
(1,165555),
(1,165556),
(1,165557),
(1,165581),
(1,165582),
(1,165583),
(1,165607),
(1,165608),
(1,165609),
(1,165610),
(1,165612),
(1,165613),
(1,165614),
(1,165615),
(1,165616),
(1,165617),
(1,165618),
(1,165677),
(1,165678),
(1,165679),
(1,165680),
(1,165681),
(1,165682),
(1,165683),
(1,165684),
(1,165685),
(1,165686),
(1,165687),
(1,165688),
(1,165689),
(1,165690),
(1,165691),
(1,165715),
(1,165723),
(1,165747),
(1,165748),
(1,165749),
(1,165773),
(1,165774),
(1,165800),
(1,165801),
(1,165802),
(1,165803),
(1,165827),
(1,165828),
(1,165829),
(1,165830),
(1,165831),
(1,165832),
(1,165833),
(1,165834),
(1,165835),
(1,165837),
(1,165838),
(1,165839),
(1,165840),
(1,165841),
(1,165842),
(1,165843),
(1,165844),
(1,165845),
(1,165846),
(1,165847),
(1,165848),
(1,165849),
(1,165850),
(1,165851),
(1,165852),
(1,165853),
(1,165854),
(1,165855),
(1,165856),
(1,165857),
(1,165858),
(1,165859),
(1,165860),
(1,165862),
(1,165886),
(1,165887),
(1,165888),
(1,165889),
(1,165890),
(1,165914),
(1,165915),
(1,165916),
(1,165917),
(1,165918),
(1,165919),
(1,165920),
(1,165921),
(1,165922),
(1,165923),
(1,165924),
(1,165925),
(1,165926),
(1,165951),
(1,165952),
(1,165953),
(1,165954),
(1,165955),
(1,165956),
(1,165957),
(1,165958),
(1,165959),
(1,165960),
(1,165961),
(1,165962),
(1,165963),
(1,165964);

DELETE FROM `game_event_creature` WHERE `guid` IN

(94696,94723,94698,94724,94513,86426,86487,202758,94710,94518,94656,94694,86386,94786,209666,209667,209668,209669,209670,209673,209675,209925,209926,209927,209928,209929,209930,210411,210412,210413,210414,210415,210416,210420,210425,210426,210427,210428,210429,210677,210682,210683,210684,210685,210686,210944,210946,210947,210948,210949,210950,210951,210982,210983,210984,210985,211249,211256,211257,211258,211259,211260,211261,211540,211541,211542,211543,211544,211545,211546,211513,211520,211521,211522,211523,211524,211790,211791,211792,211793,211794,211797,212038,212039,212040,212041,212042,212043,212289,212290,212291,212292,212293,212295,212536,212537,212538,212539,212540,212541,212598,212599,212600,212601,212602,212603,212604,212847,212848,212849,212850,212851,212852,213103,213104,213105,213106,213108,213109,213113,213114,213115,213116,213117,213118,213358,213359,213360,213361,213363,213364,213096,213097,213098,213099,213100,213101,213374,213375,213376,213377,213378,213628,213629,213630,213631,213632,213633,213642,213643,213644,213645,213646,213647,213650,213651,213652,213653,213654,213712,213716,213717,213718,213719,213720,213727,213728,213729,213731,213732,213733,213737,213738,213739,213740,213741,213742,213746,213747,213748,213749,213751,213752,213790,213791,213792,213793,213794,213795,265409,265410,265411,265486,265412,265413,265414,265415,265416,265417,265418,265419,265420,265421,265422,265423,265424,265425,265426,265427,265428,265429,265430,265431,265432,265433,265434,265435,265436,265437,265438,265439,265440,265441,265442,265443,265444,265445,265446,265447,265448,265449,265450,265451,265452,265453,265454,265455,265456,265457,265458,265459,265460,265461,265462,265463,265464,265465,265466,265467,265468,265469,265470,265471,265472,265473,265474,265475,265476,265477,265478,265479,265480,265481,265482,265483,265484,265485,265736,202766,202767,265978,266222,266223,266224,266229,266232,266233,94739,266689,266690,266691,266692,266693,266694,266695,266696,266697,266698,266699,266700,266701,266702,267430,267431,267432,267433,267434,267435,267436,267437,267438,267439,267440,267441,267442,267443,267444,267445,267446,267447,267448,267449,267450);


INSERT INTO `game_event_creature` (`eventEntry`, `guid`) VALUES
(1,94696),
(1,94723),
(1,94698),
(1,94724),
(1,94513),
(1,86426),
(1,86487),
(1,202758),
(1,94710),
(1,94518),
(1,94656),
(1,94694),
(1,86386),
(1,94786),
(1,209666),
(1,209667),
(1,209668),
(1,209669),
(1,209670),
(1,209673),
(1,209675),
(1,209925),
(1,209926),
(1,209927),
(1,209928),
(1,209929),
(1,209930),
(1,210411),
(1,210412),
(1,210413),
(1,210414),
(1,210415),
(1,210416),
(1,210420),
(1,210425),
(1,210426),
(1,210427),
(1,210428),
(1,210429),
(1,210677),
(1,210682),
(1,210683),
(1,210684),
(1,210685),
(1,210686),
(1,210944),
(1,210946),
(1,210947),
(1,210948),
(1,210949),
(1,210950),
(1,210951),
(1,210982),
(1,210983),
(1,210984),
(1,210985),
(1,211249),
(1,211256),
(1,211257),
(1,211258),
(1,211259),
(1,211260),
(1,211261),
(1,211540),
(1,211541),
(1,211542),
(1,211543),
(1,211544),
(1,211545),
(1,211546),
(1,211513),
(1,211520),
(1,211521),
(1,211522),
(1,211523),
(1,211524),
(1,211790),
(1,211791),
(1,211792),
(1,211793),
(1,211794),
(1,211797),
(1,212038),
(1,212039),
(1,212040),
(1,212041),
(1,212042),
(1,212043),
(1,212289),
(1,212290),
(1,212291),
(1,212292),
(1,212293),
(1,212295),
(1,212536),
(1,212537),
(1,212538),
(1,212539),
(1,212540),
(1,212541),
(1,212598),
(1,212599),
(1,212600),
(1,212601),
(1,212602),
(1,212603),
(1,212604),
(1,212847),
(1,212848),
(1,212849),
(1,212850),
(1,212851),
(1,212852),
(1,213103),
(1,213104),
(1,213105),
(1,213106),
(1,213108),
(1,213109),
(1,213113),
(1,213114),
(1,213115),
(1,213116),
(1,213117),
(1,213118),
(1,213358),
(1,213359),
(1,213360),
(1,213361),
(1,213363),
(1,213364),
(1,213096),
(1,213097),
(1,213098),
(1,213099),
(1,213100),
(1,213101),
(1,213374),
(1,213375),
(1,213376),
(1,213377),
(1,213378),
(1,213628),
(1,213629),
(1,213630),
(1,213631),
(1,213632),
(1,213633),
(1,213642),
(1,213643),
(1,213644),
(1,213645),
(1,213646),
(1,213647),
(1,213650),
(1,213651),
(1,213652),
(1,213653),
(1,213654),
(1,213712),
(1,213716),
(1,213717),
(1,213718),
(1,213719),
(1,213720),
(1,213727),
(1,213728),
(1,213729),
(1,213731),
(1,213732),
(1,213733),
(1,213737),
(1,213738),
(1,213739),
(1,213740),
(1,213741),
(1,213742),
(1,213746),
(1,213747),
(1,213748),
(1,213749),
(1,213751),
(1,213752),
(1,213790),
(1,213791),
(1,213792),
(1,213793),
(1,213794),
(1,213795),
(1,265409),
(1,265410),
(1,265411),
(1,265486),
(1,265412),
(1,265413),
(1,265414),
(1,265415),
(1,265416),
(1,265417),
(1,265418),
(1,265419),
(1,265420),
(1,265421),
(1,265422),
(1,265423),
(1,265424),
(1,265425),
(1,265426),
(1,265427),
(1,265428),
(1,265429),
(1,265430),
(1,265431),
(1,265432),
(1,265433),
(1,265434),
(1,265435),
(1,265436),
(1,265437),
(1,265438),
(1,265439),
(1,265440),
(1,265441),
(1,265442),
(1,265443),
(1,265444),
(1,265445),
(1,265446),
(1,265447),
(1,265448),
(1,265449),
(1,265450),
(1,265451),
(1,265452),
(1,265453),
(1,265454),
(1,265455),
(1,265456),
(1,265457),
(1,265458),
(1,265459),
(1,265460),
(1,265461),
(1,265462),
(1,265463),
(1,265464),
(1,265465),
(1,265466),
(1,265467),
(1,265468),
(1,265469),
(1,265470),
(1,265471),
(1,265472),
(1,265473),
(1,265474),
(1,265475),
(1,265476),
(1,265477),
(1,265478),
(1,265479),
(1,265480),
(1,265481),
(1,265482),
(1,265483),
(1,265484),
(1,265485),
(1,265736),
(1,202766),
(1,202767),
(1,265978),
(1,266222),
(1,266223),
(1,266224),
(1,266229),
(1,266232),
(1,266233),
(1,94739),
(1,266689),
(1,266690),
(1,266691),
(1,266692),
(1,266693),
(1,266694),
(1,266695),
(1,266696),
(1,266697),
(1,266698),
(1,266699),
(1,266700),
(1,266701),
(1,266702),
(1,267430),
(1,267431),
(1,267432),
(1,267433),
(1,267434),
(1,267435),
(1,267436),
(1,267437),
(1,267438),
(1,267439),
(1,267440),
(1,267441),
(1,267442),
(1,267443),
(1,267444),
(1,267445),
(1,267446),
(1,267447),
(1,267448),
(1,267449),
(1,267450);

-- #1) Add all quests connected with Midsummer Fire Festival that are to be reseted on each next year to game_event_seasonal_questrelation, so players can complete them on and on... /as of different festivals/.
DELETE FROM `game_event_seasonal_questrelation` WHERE `questId` IN (11846,11845,11852,11839,11859,11841,11849,11861,11847,11836,11838,11856,11850,11848,11853,11857,11837,11844,11860,11584,11862,11842,11840,11851,11855,11835,11858,11863,11821,11854,11843,13500,13493,13494,13495,13496,13497,13498,13499,11805,11812,11815,11834,11833,11831,11817,11811,11806,11809,11826,11824,11826,11827,11819,11583,11828,11816,11810,11808,11804,11832,11813,11814,11820,11822,11823,11821,11830,11818,11825,11807,11829,13485,13487,13489,13488,13490,13486,13491,13492,11770,11769,11777,11803,11783,11773,11765,11771,11785,11800,11780,11802,11774,11772,11776,11781,11801,11768,11784,11580,11786,11766,11764,11775,11779,11799,11782,11787,11767,11778,13458,13441,13450,13451,13457,13455,13454,13453,11734,11741,11744,11763,11762,11760,11746,11740,11735,11738,11753,11755,11756,11748,11581,11757,11745,11739,11737,11732,11761,11742,11743,11749,11751,11752,11750,11759,11747,11754,11736,11758,13440,13443,13445,13444,13449,13446,13442,13447,13431,9324,11935,9326,9325,9332,9331,9330,11933,11972);
INSERT INTO `game_event_seasonal_questrelation` (`questId`, `eventEntry`) VALUES
(11846,1), -- Durotar // Honor the Flame (Horde) - Kalimdor
(11845,1), -- Desolace
(11852,1), -- Mulgore
(11839,1), -- Winterspring
(11859,1), -- Barrens
(11849,1), -- Feralas
(11841,1), -- Ashenvale
(11847,1), -- Dustwallow marsh
(11861,1), -- Thousand Needles
(11856,1), -- Stonetalon Mountains
(11836,1), -- Silithus
(11838,1), -- Tanaris
(11850,1), -- Ghostland // Honor the Flame (Horde) - Eeastern Kingdoms
(11848,1), -- Eversong woods
(11853,1), -- Hillsbrad Foothills
(11857,1), -- Swamp of sorrows
(11837,1), -- Cape of Stranglethorn
(11844,1), -- Burning Steppes
(11860,1), -- The Hinterlands
(11584,1), -- Silverpine Forest
(11862,1), -- Tirisfal Glades
(11842,1), -- Badlands
(11840,1), -- Arathi Highlands
(11851,1), -- Hellfire Peninsula // Honor the Flame (Horde) - Outland
(11855,1), -- Shadowmoon Valley
(11835,1), -- Netherstorm
(11858,1), -- Terokkar
(11863,1), -- Zangarmarsh
(11854,1), -- Nagrand
(11843,1), -- Blade''s Edge Mountains
(13500,1), -- Zul'Drak // Honor the Flame (Horde) - Northrend
(13493,1), -- Borean Tundra
(13494,1), -- Sholazar Basin
(13495,1), -- Dragonblight
(13499,1), -- Crystalsong Forest
(13498,1), -- Storm Peaks
(13497,1), -- Grizzly Hills
(13496,1), -- Howling Fjords
(11805,1), -- Ashenvale // Honor the Flame (Alliance) - Kalimdor
(11812,1), -- Desolace
(11815,1), -- Dustwallow Marsh
(11834,1), -- Winterspring
(11833,1), -- Tanaris
(11831,1), -- Silithus
(11817,1), -- Feralas
(11811,1), -- Darkshore
(11806,1), -- Azuremyst Isle
(11809,1), -- Bloodmyst Isle
(11824,1), -- Teldrassil
(11826,1), -- The Hinterlands // Honor the Flame (Alliance) - Eeastern Kingdoms
(11827,1), -- The Western Plaguelands
(11819,1), -- Hillsbrad Foothills
(11583,1), -- Westfall
(11828,1), -- Wetlands
(11816,1), -- Elwynn Forest
(11810,1), -- Burning Steppes
(11808,1), -- Blasted Lands
(11804,1), -- Arathi Highlands
(11832,1), -- Cape of Stranglethorn
(11813,1), -- Dun Morogh
(11814,1), -- Duskwood
(11820,1), -- Loch Modan
(11822,1), -- Redridge Mountains
(11823,1), -- Shadowmoon Valley // Honor the Flame (Alliance) - Outland
(11821,1), -- Nagrand
(11830,1), -- Netherstorm
(11818,1), -- Hellfire Peninsula
(11825,1), -- Terokkar
(11807,1), -- Blade's Edge
(11829,1), -- Zangarmarsh
(13485,1), -- Borean Tundra // Honor the Flame (Alliance) - Northrend
(13487,1), -- Dragonblight
(13489,1), -- Grizzly Hills
(13488,1), -- Howling Fjord
(13492,1), -- Zul'Drak
(13490,1), -- The Storm Peaks
(13486,1), -- Sholazar Basin
(13491,1), -- Crystalsong Forest
(11770,1), -- Durotar // Desecrate the Flame (Alliance) - Kalimdor
(11769,1), -- Desolace
(11777,1), -- Mulgore
(11803,1), -- Winterspring
(11783,1), -- Barrens
(11773,1), -- Feralas
(11765,1), -- Ashenvale
(11771,1), -- Dustwallow marsh
(11785,1), -- Thousand Needles
(11800,1), -- Silithus
(11780,1), -- Stonetalon Mountains
(11802,1), -- Tanaris
(11774,1), -- Ghostland // Desecrate the Flame (Alliance) - Eastern Kingdoms
(11772,1), -- Eversong woods
(11776,1), -- Hillsbrad Foothills
(11781,1), -- Swamp of sorrows
(11801,1), -- Cape of Stranglethorn
(11768,1), -- Burning Steppes
(11784,1), -- The Hinterlands
(11580,1), -- Silverpine Forest
(11786,1), -- Tirisfal Glades
(11766,1), -- Badlands
(11764,1), -- Arathi Highlands
(11775,1), -- Hellfire Peninsula // Desecrate the Flame (Alliance) - Outland
(11779,1), -- Shadowmoon Valley
(11799,1), -- Netherstorm
(11782,1), -- Terokkar
(11787,1), -- Zangarmarsh
(11767,1), -- Blade' Edge
(11778,1), -- Nagrand
(13458,1), -- Zul'Drak // Desecrate the Flame (Alliance) - Northrend
(13441,1), -- Borean Tundra
(13450,1), -- Sholazar Basin
(13451,1), -- Dragonblight
(13457,1), -- Crystalsong Forest
(13455,1), -- Storm Peaks
(13454,1), -- Grizzly Hills
(13453,1), -- Howling Fjords
(11734,1), -- Ashenvale // Desecrate the Flame (Horde) - Kalimdor
(11741,1), -- Desolace
(11744,1), -- Dustwallow Marsh
(11763,1), -- Winterspring
(11762,1), -- Tanaris
(11760,1), -- Silithus
(11746,1), -- Feralas
(11740,1), -- Darkshore
(11735,1), -- Azuremyst Isle
(11738,1), -- Bloodmyst Isle
(11753,1), -- Teldrassil
(11755,1), -- The Hinterlands // Desecrate the Flame (Horde) - Eastern Kingdoms
(11756,1), -- The Western Plaguelands
(11748,1), -- Hillsbrad Foothills
(11581,1), -- Westfall
(11757,1), -- Wetlands
(11745,1), -- Elwynn Forest
(11739,1), -- Burning Steppes
(11737,1), -- Blasted Lands
(11732,1), -- Arathi Highlands
(11761,1), -- Cape of Stranglethorn
(11742,1), -- Dun Morogh
(11743,1), -- Duskwood
(11749,1), -- Loch Modan
(11751,1), -- Redridge Mountains
(11752,1), -- Shadowmoon Valley // Desecrate the Flame (Horde) - Outland
(11750,1), -- Nagrand
(11759,1), -- Netherstorm
(11747,1), -- Hellfire Peninsula
(11754,1), -- Terokkar
(11736,1), -- Blade's Edge
(11758,1), -- Zangarmarsh
(13440,1), -- Borean Tundra // Desecrate the Flame (Horde) - Northrend
(13443,1), -- Dragonblight
(13445,1), -- Grizzly
(13444,1), -- Howling Fjord
(13449,1), -- Zul'Drak
(13446,1), -- The Storm Peaks
(13442,1), -- Sholazar Basin
(13447,1), -- Crystalsong Forest
(11972,1), -- Shards of Ahune
(9324,1), -- Stealing Orgrimmar''s Flame
(11935,1), -- Stealing Silvermoon''s Flame
(9326,1), -- Stealing the Undercity''s Flame
(9325,1), -- Stealing Thunder Bluff''s Flame
(9332,1), -- Stealing Darnassus''s Flame
(9331,1), -- Stealing Ironforge''s Flame
(9330,1), -- Stealing Stormwind''s Flame
(11933,1); -- Stealing the Exodar''s Flame
-- #2) Add quest relations to game_event_gameobject_quest and game_event_creature_quest
DELETE FROM `game_event_creature_quest` WHERE `quest` IN (11846,11845,11852,11839,11859,11841,11849,11861,11847,11836,11838,11856,11850,11848,11853,11857,11837,11844,11860,11584,11862,11842,11840,11851,11855,11835,11858,11863,11821,11854,11843,13500,13493,13494,13495,13496,13497,13498,13499,11805,11812,11815,11834,11833,11831,11817,11811,11806,11809,11826,11824,11826,11827,11819,11583,11828,11816,11810,11808,11804,11832,11813,11814,11820,11822,11823,11821,11830,11818,11825,11807,11829,13485,13487,13489,13488,13490,13486,13491,13492,11805,11812,11815,11834,11833,11831,11817,11811,11806,11809,11824,11826,11827,11819,11583,11828,11816,11810,11808,11804,11832,11813,11814,11820,11822,13485,13487,13489,13488,13490,13486,13491,13490,11823,11821,11830,11818,11825,11807,11829,11775,11917,11947,11948,11952,11953,11954,11886,11891,12012,11955,11696,11691,11971,11970,11966,11964,11922,11923,11926,11925,11731,11657,11921,11924,9339,9365);
INSERT INTO `game_event_creature_quest` (`eventEntry`,`id`, `quest`) VALUES
(1,25929, 11846), -- Durotar // Honor the Flame (Horde) - Kalimdor
(1,25928, 11845), -- Desolace
(1,25936, 11852), -- Mulgore
(1,25922, 11839), -- Winterspring
(1,25943, 11859), -- Barrens
(1,25932, 11849), -- Feralas
(1,25884, 11841), -- Ashenvale
(1,25930, 11847), -- Dustwallow marsh
(1,25945, 11861), -- Thousand Needles
(1,25919, 11836), -- Silithus
(1,25921, 11838), -- Tanaris
(1,25940, 11856), -- Stonetalon Mountains
(1,25934, 11851), -- Hellfire Peninsula // Honor the Flame (Horde) - Outland
(1,25938, 11855), -- Shadowmoon Valley
(1,25918, 11835), -- Netherstorm
(1,25942, 11858), -- Terokkar
(1,25947, 11863), -- Zangarmarsh
(1,25937, 11854), -- Nagrand
(1,25926, 11843), -- Blade''s Edge Mountains
(1,32816, 13500), -- Zul'Drak // Honor the Flame (Horde) - Northrend
(1,32809, 13493), -- Borean Tundra
(1,32810, 13494), -- Sholazar Basin
(1,32811, 13495), -- Dragonblight
(1,32815, 13499), -- Crystalsong Forest
(1,32814, 13498), -- Storm Peaks
(1,32813, 13497), -- Grizzly Hills
(1,32812, 13496), -- Howling Fjords
(1,25933, 11850), -- Ghostland // Honor the Flame (Horde) - Eastern Kingdoms
(1,25931, 11848), -- Eversong woods
(1,25935, 11853), -- Hillsbrad Foothills
(1,25941, 11857), -- Swamp of sorrows
(1,25920, 11837), -- Cape of Stranglethorn
(1,25927, 11844), -- Burning Steppes
(1,25944, 11860), -- The Hinterlands
(1,25939, 11584), -- Silverpine Forest
(1,25946, 11862), -- Tirisfal Glades
(1,25925, 11842), -- Badlands
(1,25923, 11840), -- Arathi Highlands
(1,25883, 11805), -- Ashenvale // Honor the Flame (Alliance) - Kalimdor
(1,25894, 11812), -- Desolace
(1,25897, 11815), -- Dustwallow Marsh
(1,25917, 11834), -- Winterspring
(1,25916, 11833), -- Tanaris
(1,25914, 11831), -- Silithus
(1,25899, 11817), -- Feralas
(1,25893, 11811), -- Darkshore
(1,25888, 11806), -- Azuremyst Isle
(1,25891, 11809), -- Bloodmyst Isle
(1,25906, 11824), -- Teldrassil
(1,25908, 11826), -- The Hinterlands // Honor the Flame (Alliance) - Eeastern Kingdoms
(1,25909, 11827), -- The Western Plaguelands
(1,25901, 11819), -- Hillsbrad Foothills
(1,25910, 11583), -- Westfall
(1,25911, 11828), -- Wetlands
(1,25898, 11816), -- Elwynn Forest
(1,25892, 11810), -- Burning Steppes
(1,25890, 11808), -- Blasted Lands
(1,25887, 11804), -- Arathi Highlands
(1,25915, 11832), -- Cape of Stranglethorn
(1,25895, 11813), -- Dun Morogh
(1,25896, 11814), -- Duskwood
(1,25902, 11820), -- Loch Modan
(1,25904, 11822), -- Redridge Mountains
(1,32801, 13485), -- Borean Tundra // Honor the Flame (Alliance) - Northrend
(1,32803, 13487), -- Dragonblight
(1,32805, 13489), -- Grizzly
(1,32804, 13488), -- Howling Fjord
(1,32808, 13492), -- Zul'Drak
(1,32806, 13490), -- The Storm Peaks
(1,32802, 13486), -- Sholazar Basin
(1,32807, 13491), -- Crystalsong Forest
(1,25905, 11823), -- Shadowmoon Valley // Honor the Flame (Alliance) - Outland
(1,25903, 11821), -- Nagrand
(1,25913, 11830), -- Netherstorm
(1,25900, 11818), -- Hellfire Peninsula
(1,25907, 11825), -- Terokkar
(1,25889, 11807), -- Blade's Edge
(1,25912, 11829), -- Zangarmarsh
(1,26221, 11917), -- Striking Back
(1,26221, 11947), -- Striking Back
(1,26221, 11948), -- Striking Back
(1,26221, 11952), -- Striking Back
(1,26221, 11953), -- Striking Back
(1,26221, 11954), -- Striking Back
(1,26221, 11886), -- Unusual Activity
(1,25324, 11891), -- An Innocent Disguise
(1,25324, 12012), -- Inform the Elder
(1,26221, 11955), -- Ahune, the Frost Lord
(1,25710, 11696), -- Ahune is Here!
(1,25697, 11691), -- Summon Ahune
(1,19169, 11971), -- The Spinner of Summer Tales /Horde/
(1,19178, 11971), -- The Spinner of Summer Tales
(1,19175, 11971), -- The Spinner of Summer Tales
(1,19176, 11971), -- The Spinner of Summer Tales
(1,19177, 11971), -- The Spinner of Summer Tales
(1,20102, 11971), -- The Spinner of Summer Tales
(1,19171, 11970), -- The Master of Summer Lore /Alliance/
(1,19148, 11970), -- The Master of Summer Lore
(1,19172, 11970), -- The Master of Summer Lore
(1,18927, 11970), -- The Master of Summer Lore
(1,19173, 11970), -- The Master of Summer Lore
(1,20102, 11970), -- The Master of Summer Lore
(1,16818, 11966), -- Incense for the Festival Scorchlings
(1,16817, 11964), -- Incense for the Summer Scorchlings
(1,26113, 11922), -- Torch Tossing /H/
(1,26113, 11923), -- Torch Catching /H/
(1,26113, 11926), -- More Torch Tossing /H/
(1,26113, 11925), -- More Torch Catching /H/
(1,25975, 11731), -- Torch Tossing /A/
(1,25975, 11657), -- Torch Catching /A/
(1,25975, 11921), -- More Torch Tossing /A/
(1,25975, 11924), -- More Torch Catching /A/
(1,16818, 9339), -- A Thief''s Reward /H/
(1,16817, 9365); -- A Thief''s Reward /A/
DELETE FROM `game_event_gameobject_quest` WHERE `quest` IN (11767,11778,11787,11782,11799,11779,11775,11734,11741,11744,11763,11762,11760,11746,11740,11735,11738,11753,11755,11756,11748,11581,11757,11745,11739,11737,11732,11761,11742,11743,11749,11751,13440,13443,13445,13444,13449,13446,13442,13447,11752,11750,11759,11747,11754,11736,11758,11770,11769,11777,11803,11783,11773,11765,11771,11785,11800,11780,11802,11774,11772,11776,11781,11801,11768,11784,11580,11786,11766,11764,13458,13441,13450,13451,13457,13455,13454,13453);
INSERT INTO `game_event_gameobject_quest` (`eventEntry`,`id`, `quest`) VALUES
(1,187916, 11734), -- Ashenvale // Desecrate the Flame (Horde) - Kalimdor
(1,187924, 11741), -- Desolace
(1,187927, 11744), -- Dustwallow Marsh
(1,187946, 11763), -- Winterspring
(1,187945, 11762), -- Tanaris
(1,187943, 11760), -- Silithus
(1,187929, 11746), -- Feralas
(1,187923, 11740), -- Darkshore
(1,187917, 11735), -- Azuremyst Isle
(1,187921, 11738), -- Bloodmyst Isle
(1,187936, 11753), -- Teldrassil
(1,187938, 11755), -- The Hinterlands // Desecrate the Flame (Horde) - Eeastern Kingdoms
(1,187939, 11756), -- The Western Plaguelands
(1,187931, 11748), -- Hillsbrad Foothills
(1,187564, 11581), -- Westfall
(1,187940, 11757), -- Wetlands
(1,187928, 11745), -- Elwynn Forest
(1,187922, 11739), -- Burning Steppes
(1,187920, 11737), -- Blasted Lands
(1,187914, 11732), -- Arathi Highlands
(1,187944, 11761), -- Cape of Stranglethorn
(1,187925, 11742), -- Dun Morogh
(1,187926, 11743), -- Duskwood
(1,187932, 11749), -- Loch Modan
(1,187934, 11751), -- Redridge Mountains
(1,194032, 13440), -- Borean Tundra // Desecrate the Flame (Horde) - Northrend
(1,194036, 13443), -- Dragonblight
(1,194040, 13445), -- Grizzly
(1,194038, 13444), -- Howling Fjord
(1,194049, 13449), -- Zul'Drak
(1,194044, 13446), -- The Storm Peaks
(1,194035, 13442), -- Sholazar Basin
(1,194045, 13447), -- Crystalsong Forest
(1,187935, 11752), -- Shadowmoon Valley // Desecrate the Flame (Horde) - Outland
(1,187933, 11750), -- Nagrand
(1,187942, 11759), -- Netherstorm
(1,187930, 11747), -- Hellfire Peninsula
(1,187937, 11754), -- Terokkar
(1,187919, 11736), -- Blade's Edge
(1,187941, 11758), -- Zangarmarsh
(1,187958, 11770), -- Durotar // Desecrate the Flame (Alliance) - Kalimdor
(1,187957, 11769), -- Desolace
(1,187965, 11777), -- Mulgore
(1,187953, 11803), -- Winterspring
(1,187971, 11783), -- Barrens
(1,187961, 11773), -- Feralas
(1,187948, 11765), -- Ashenvale
(1,187959, 11771), -- Dustwallow marsh
(1,187973, 11785), -- Thousand Needles
(1,187950, 11800), -- Silithus
(1,187968, 11780), -- Stonetalon Mountains
(1,187952, 11802), -- Tanaris
(1,187962, 11774), -- Ghostland // Desecrate the Flame (Alliance) - Eeastern Kingdoms
(1,187960, 11772), -- Eversong woods
(1,187964, 11776), -- Hillsbrad Foothills
(1,187969, 11781), -- Swamp of sorrows
(1,187951, 11801), -- Cape of Stranglethorn
(1,187956, 11768), -- Burning Steppes
(1,187972, 11784), -- The Hinterlands
(1,187559, 11580), -- Silverpine Forest
(1,187974, 11786), -- Tirisfal Glades
(1,187954, 11766), -- Badlands
(1,187947, 11764), -- Arathi Highlands
(1,187963, 11775), -- Hellfire Peninsula // Desecrate the Flame (Alliance) - Outland
(1,187967, 11779), -- Shadowmoon Valley
(1,187949, 11799), -- Netherstorm
(1,187970, 11782), -- Terokkar
(1,187975, 11787), -- Zangarmarsh
(1,187955, 11767), -- Blade' Edge
(1,187966, 11778), -- Nagrand
(1,194048, 13458), -- Zul'Drak // Desecrate the Flame (Alliance) - Northend
(1,194033, 13441), -- Borean Tundra
(1,194034, 13450), -- Sholazar Basin
(1,194037, 13451), -- Dragonblight
(1,194046, 13457), -- Crystalsong Forest
(1,194043, 13455), -- Storm Peaks
(1,194042, 13454), -- Grizzly Hills
(1,194039, 13453); -- Howling Fjords